{
  "$schema": "http://json-schema.org/draft-07/schema#",
  "type": "object",
  "additionalProperties": false,
  "required": [
    "imagePullSecrets",
    "hub",
    "proxy",
    "singleuser",
    "ingress",
    "prePuller",
    "custom",
    "cull",
    "debug",
    "rbac",
    "global"
  ],
  "properties": {
    "openaiApiKey": {
      "type": [
        "string",
        "null"
      ]
    },
    "env": {
      "type": [
        "string",
        "null"
      ]
    },
    "googleClientId": {
      "type": [
        "string",
        "null"
      ]
    },
    "googleClientSecret": {
      "type": [
        "string",
        "null"
      ]
    },
    "enabled": {
      "type": [
        "boolean",
        "null"
      ]
    },
    "fullnameOverride": {
      "type": [
        "string",
        "null"
      ]
    },
    "nameOverride": {
      "type": [
        "string",
        "null"
      ]
    },
    "imagePullSecret": {
      "type": "object",
      "required": [
        "create"
      ],
      "if": {
        "properties": {
          "create": {
            "const": true
          }
        }
      },
      "then": {
        "additionalProperties": false,
        "required": [
          "registry",
          "username",
          "password"
        ],
        "description": "This is configuration to create a k8s Secret resource of `type:\nkubernetes.io/dockerconfigjson`, with credentials to pull images from a\nprivate image registry. If you opt to do so, it will be available for use\nby all pods in their respective `spec.imagePullSecrets` alongside other\nk8s Secrets defined in `imagePullSecrets` or the pod respective\n`...image.pullSecrets` configuration.\n\nIn other words, using this configuration option can automate both the\notherwise manual creation of a k8s Secret and the otherwise manual\nconfiguration to reference this k8s Secret in all the pods of the Helm\nchart.\n\n```sh\n# you won't need to create a k8s Secret manually...\nkubectl create secret docker-registry image-pull-secret \\\n  --docker-server=<REGISTRY> \\\n  --docker-username=<USERNAME> \\\n  --docker-email=<EMAIL> \\\n  --docker-password=<PASSWORD>\n```\n\nIf you just want to let all Pods reference an existing secret, use the\n[`imagePullSecrets`](schema_imagePullSecrets) configuration instead.\n",
        "properties": {
          "create": {
            "type": "boolean",
            "description": "Toggle the creation of the k8s Secret with provided credentials to\naccess a private image registry.\n"
          },
          "automaticReferenceInjection": {
            "type": "boolean",
            "description": "Toggle the automatic reference injection of the created Secret to all\npods' `spec.imagePullSecrets` configuration.\n"
          },
          "registry": {
            "type": "string",
            "description": "Name of the private registry you want to create a credential set for.\nIt will default to Docker Hub's image registry.\n\nExamples:\n  - https://index.docker.io/v1/\n  - quay.io\n  - eu.gcr.io\n  - alexmorreale.privatereg.net\n"
          },
          "username": {
            "type": "string",
            "description": "Name of the user you want to use to connect to your private registry.\n\nFor external gcr.io, you will use the `_json_key`.\n\nExamples:\n  - alexmorreale\n  - alex@pfc.com\n  - _json_key\n"
          },
          "password": {
            "type": "string",
            "description": "Password for the private image registry's user.\n\nExamples:\n  - plaintextpassword\n  - abc123SECRETzyx098\n\nFor gcr.io registries the password will be a big JSON blob for a\nGoogle cloud service account, it should look something like below.\n\n```yaml\npassword: |-\n  {\n    \"type\": \"service_account\",\n    \"project_id\": \"jupyter-se\",\n    \"private_key_id\": \"f2ba09118a8d3123b3321bd9a7d6d0d9dc6fdb85\",\n    ...\n  }\n```\n"
          },
          "email": {
            "type": [
              "string",
              "null"
            ],
            "description": "Specification of an email is most often not required, but it is\nsupported.\n"
          }
        }
      }
    },
    "imagePullSecrets": {
      "type": "array"
    },
    "hub": {
      "type": "object",
      "additionalProperties": false,
      "required": [
        "baseUrl"
      ],
      "properties": {
        "revisionHistoryLimit": {
          "type": [
            "integer",
            "null"
          ],
          "minimum": 0
        },
        "config": {
          "type": "object",
          "additionalProperties": true
        },
        "extraFiles": {
          "type": "object",
          "additionalProperties": false,
          "patternProperties": {
            ".*": {
              "type": "object",
              "additionalProperties": false,
              "required": [
                "mountPath"
              ],
              "oneOf": [
                {
                  "required": [
                    "data"
                  ]
                },
                {
                  "required": [
                    "stringData"
                  ]
                },
                {
                  "required": [
                    "binaryData"
                  ]
                }
              ],
              "properties": {
                "mountPath": {
                  "type": "string"
                },
                "data": {
                  "type": "object",
                  "additionalProperties": true
                },
                "stringData": {
                  "type": "string"
                },
                "binaryData": {
                  "type": "string"
                },
                "mode": {
                  "type": "number"
                }
              }
            }
          }
        },
        "baseUrl": {
          "type": "string"
        },
        "command": {
          "type": "array"
        },
        "args": {
          "type": "array"
        },
        "cookieSecret": {
          "type": [
            "string",
            "null"
          ]
        },
        "image": {
          "type": "object",
          "additionalProperties": false,
          "required": [
            "name",
            "tag"
          ],
          "properties": {
            "name": {
              "type": "string"
            },
            "tag": {
              "type": "string"
            },
            "pullPolicy": {
              "enum": [
                null,
                "",
                "IfNotPresent",
                "Always",
                "Never"
              ]
            },
            "pullSecrets": {
              "type": "array"
            }
          }
        },
        "networkPolicy": {
          "type": "object",
          "additionalProperties": false,
          "properties": {
            "enabled": {
              "type": "boolean"
            },
            "ingress": {
              "type": "array"
            },
            "egress": {
              "type": "array"
            },
            "egressAllowRules": {
              "type": "object",
              "additionalProperties": false,
              "properties": {
                "cloudMetadataServer": {
                  "type": "boolean"
                },
                "dnsPortsCloudMetadataServer": {
                  "type": "boolean"
                },
                "dnsPortsKubeSystemNamespace": {
                  "type": "boolean"
                },
                "dnsPortsPrivateIPs": {
                  "type": "boolean"
                },
                "nonPrivateIPs": {
                  "type": "boolean"
                },
                "privateIPs": {
                  "type": "boolean"
                }
              }
            },
            "interNamespaceAccessLabels": {
              "enum": [
                "accept",
                "ignore"
              ]
            },
            "allowedIngressPorts": {
              "type": "array"
            }
          }
        },
        "db": {
          "type": "object",
          "additionalProperties": false,
          "properties": {
            "type": {
              "enum": [
                "sqlite-pvc",
                "sqlite-memory",
                "mysql",
                "postgres",
                "other"
              ]
            },
            "pvc": {
              "type": "object",
              "additionalProperties": false,
              "required": [
                "storage"
              ],
              "properties": {
                "annotations": {
                  "type": "object",
                  "additionalProperties": false,
                  "patternProperties": {
                    ".*": {
                      "type": "string"
                    }
                  }
                },
                "selector": {
                  "type": "object",
                  "additionalProperties": true
                },
                "storage": {
                  "type": "string"
                },
                "accessModes": {
                  "type": "array",
                  "items": {
                    "type": [
                      "string",
                      "null"
                    ]
                  }
                },
                "storageClassName": {
                  "type": [
                    "string",
                    "null"
                  ]
                },
                "subPath": {
                  "type": [
                    "string",
                    "null"
                  ]
                }
              }
            },
            "upgrade": {
              "type": [
                "boolean",
                "null"
              ]
            },
            "url": {
              "type": [
                "string",
                "null"
              ]
            },
            "password": {
              "type": [
                "string",
                "null"
              ]
            }
          }
        },
        "labels": {
          "type": "object",
          "additionalProperties": false,
          "patternProperties": {
            ".*": {
              "type": "string"
            }
          }
        },
        "initContainers": {
          "type": "array"
        },
        "extraEnv": {
          "type": [
            "object",
            "array"
          ],
          "additionalProperties": true
        },
        "extraConfig": {
          "type": "object",
          "additionalProperties": true
        },
        "fsGid": {
          "type": [
            "integer",
            "null"
          ],
          "minimum": 0
        },
        "service": {
          "type": "object",
          "additionalProperties": false,
          "properties": {
            "type": {
              "enum": [
                "ClusterIP",
                "NodePort",
                "LoadBalancer",
                "ExternalName"
              ]
            },
            "ports": {
              "type": "object",
              "additionalProperties": false,
              "properties": {
                "nodePort": {
                  "type": [
                    "integer",
                    "null"
                  ],
                  "minimum": 0
                }
              }
            },
            "annotations": {
              "type": "object",
              "additionalProperties": false,
              "patternProperties": {
                ".*": {
                  "type": "string"
                }
              }
            },
            "extraPorts": {
              "type": "array"
            },
            "loadBalancerIP": {
              "type": [
                "string",
                "null"
              ]
            }
          }
        },
        "pdb": {
          "type": "object",
          "additionalProperties": false,
          "properties": {
            "enabled": {
              "type": "boolean"
            },
            "maxUnavailable": {
              "type": [
                "integer",
                "null"
              ]
            },
            "minAvailable": {
              "type": [
                "integer",
                "null"
              ]
            }
          }
        },
        "existingSecret": {
          "type": [
            "string",
            "null"
          ]
        },
        "nodeSelector": {
          "type": "object",
          "additionalProperties": true
        },
        "tolerations": {
          "type": "array"
        },
        "activeServerLimit": {
          "type": [
            "integer",
            "null"
          ]
        },
        "allowNamedServers": {
          "type": [
            "boolean",
            "null"
          ]
        },
        "annotations": {
          "type": "object",
          "additionalProperties": false,
          "patternProperties": {
            ".*": {
              "type": "string"
            }
          }
        },
        "authenticatePrometheus": {
          "type": [
            "boolean",
            "null"
          ]
        },
        "concurrentSpawnLimit": {
          "type": [
            "integer",
            "null"
          ]
        },
        "consecutiveFailureLimit": {
          "type": [
            "integer",
            "null"
          ]
        },
        "podSecurityContext": {
          "additionalProperties": true
        },
        "containerSecurityContext": {
          "type": "object",
          "additionalProperties": true
        },
        "deploymentStrategy": {
          "type": "object",
          "additionalProperties": false,
          "properties": {
            "rollingUpdate": {
              "type": [
                "string",
                "null"
              ]
            },
            "type": {
              "type": [
                "string",
                "null"
              ]
            }
          }
        },
        "extraContainers": {
          "type": "array"
        },
        "extraVolumeMounts": {
          "type": "array"
        },
        "extraVolumes": {
          "type": "array"
        },
        "livenessProbe": {
          "type": "object",
          "additionalProperties": true,
          "required": [
            "enabled"
          ],
          "if": {
            "properties": {
              "enabled": {
                "const": true
              }
            }
          },
          "then": {
            "description": "This config option is like the k8s native specification of a\ncontainer probe, except that it also supports an `enabled` boolean\nflag.\n\nSee [the k8s\ndocumentation](https://kubernetes.io/docs/reference/generated/kubernetes-api/v1.23/#probe-v1-core)\nfor more details.\n"
          }
        },
        "readinessProbe": {
          "type": "object",
          "additionalProperties": true,
          "required": [
            "enabled"
          ],
          "if": {
            "properties": {
              "enabled": {
                "const": true
              }
            }
          },
          "then": {
            "description": "This config option is like the k8s native specification of a\ncontainer probe, except that it also supports an `enabled` boolean\nflag.\n\nSee [the k8s\ndocumentation](https://kubernetes.io/docs/reference/generated/kubernetes-api/v1.23/#probe-v1-core)\nfor more details.\n"
          }
        },
        "namedServerLimitPerUser": {
          "type": [
            "integer",
            "null"
          ]
        },
        "redirectToServer": {
          "type": [
            "boolean",
            "null"
          ]
        },
        "resources": {
          "type": "object",
          "additionalProperties": true
        },
        "lifecycle": {
          "type": "object",
          "additionalProperties": false,
          "properties": {
            "postStart": {
              "type": "object",
              "additionalProperties": true
            },
            "preStop": {
              "type": "object",
              "additionalProperties": true
            }
          }
        },
        "services": {
          "type": "object",
          "additionalProperties": true,
          "properties": {
            "name": {
              "type": "string"
            },
            "admin": {
              "type": "boolean"
            },
            "command": {
              "type": [
                "string",
                "array"
              ]
            },
            "url": {
              "type": "string"
            },
            "api_token": {
              "type": [
                "string",
                "null"
              ]
            },
            "apiToken": {
              "type": [
                "string",
                "null"
              ]
            }
          }
        },
        "loadRoles": {
          "type": "object",
          "additionalProperties": true
        },
        "shutdownOnLogout": {
          "type": [
            "boolean",
            "null"
          ]
        },
        "templatePaths": {
          "type": "array"
        },
        "templateVars": {
          "type": "object",
          "additionalProperties": true
        },
        "serviceAccount": {
          "type": "object",
          "required": [
            "create"
          ],
          "additionalProperties": false,
          "properties": {
            "create": {
              "type": "boolean"
            },
            "name": {
              "type": [
                "string",
                "null"
              ]
            },
            "annotations": {
              "type": "object",
              "additionalProperties": false,
              "patternProperties": {
                ".*": {
                  "type": "string"
                }
              }
            }
          }
        },
        "extraPodSpec": {
          "type": "object",
          "additionalProperties": true
        }
      }
    },
    "proxy": {
      "type": "object",
      "additionalProperties": false,
      "properties": {
        "chp": {
          "type": "object",
          "additionalProperties": false,
          "properties": {
            "revisionHistoryLimit": {
              "type": [
                "integer",
                "null"
              ],
              "minimum": 0
            },
            "networkPolicy": {
              "type": "object",
              "additionalProperties": false,
              "properties": {
                "enabled": {
                  "type": "boolean"
                },
                "ingress": {
                  "type": "array"
                },
                "egress": {
                  "type": "array"
                },
                "egressAllowRules": {
                  "type": "object",
                  "additionalProperties": false,
                  "properties": {
                    "cloudMetadataServer": {
                      "type": "boolean"
                    },
                    "dnsPortsCloudMetadataServer": {
                      "type": "boolean"
                    },
                    "dnsPortsKubeSystemNamespace": {
                      "type": "boolean"
                    },
                    "dnsPortsPrivateIPs": {
                      "type": "boolean"
                    },
                    "nonPrivateIPs": {
                      "type": "boolean"
                    },
                    "privateIPs": {
                      "type": "boolean"
                    }
                  }
                },
                "interNamespaceAccessLabels": {
                  "enum": [
                    "accept",
                    "ignore"
                  ]
                },
                "allowedIngressPorts": {
                  "type": "array"
                }
              }
            },
            "extraCommandLineFlags": {
              "type": "array"
            },
            "extraEnv": {
              "type": [
                "object",
                "array"
              ],
              "additionalProperties": true
            },
            "pdb": {
              "type": "object",
              "additionalProperties": false,
              "properties": {
                "enabled": {
                  "type": "boolean"
                },
                "maxUnavailable": {
                  "type": [
                    "integer",
                    "null"
                  ]
                },
                "minAvailable": {
                  "type": [
                    "integer",
                    "null"
                  ]
                }
              }
            },
            "nodeSelector": {
              "type": "object",
              "additionalProperties": true
            },
            "tolerations": {
              "type": "array"
            },
            "containerSecurityContext": {
              "type": "object",
              "additionalProperties": true
            },
            "image": {
              "type": "object",
              "additionalProperties": false,
              "required": [
                "name",
                "tag"
              ],
              "properties": {
                "name": {
                  "type": "string"
                },
                "tag": {
                  "type": "string"
                },
                "pullPolicy": {
                  "enum": [
                    null,
                    "",
                    "IfNotPresent",
                    "Always",
                    "Never"
                  ]
                },
                "pullSecrets": {
                  "type": "array"
                }
              }
            },
            "livenessProbe": {
              "type": "object",
              "additionalProperties": true,
              "required": [
                "enabled"
              ],
              "if": {
                "properties": {
                  "enabled": {
                    "const": true
                  }
                }
              },
              "then": {
                "description": "This config option is like the k8s native specification of a\ncontainer probe, except that it also supports an `enabled` boolean\nflag.\n\nSee [the k8s\ndocumentation](https://kubernetes.io/docs/reference/generated/kubernetes-api/v1.23/#probe-v1-core)\nfor more details.\n"
              }
            },
            "readinessProbe": {
              "type": "object",
              "additionalProperties": true,
              "required": [
                "enabled"
              ],
              "if": {
                "properties": {
                  "enabled": {
                    "const": true
                  }
                }
              },
              "then": {
                "description": "This config option is like the k8s native specification of a\ncontainer probe, except that it also supports an `enabled` boolean\nflag.\n\nSee [the k8s\ndocumentation](https://kubernetes.io/docs/reference/generated/kubernetes-api/v1.23/#probe-v1-core)\nfor more details.\n"
              }
            },
            "resources": {
              "type": "object",
              "additionalProperties": true
            },
            "defaultTarget": {
              "type": [
                "string",
                "null"
              ]
            },
            "errorTarget": {
              "type": [
                "string",
                "null"
              ]
            },
            "extraPodSpec": {
              "type": "object",
              "additionalProperties": true
            }
          }
        },
        "secretToken": {
          "type": [
            "string",
            "null"
          ]
        },
        "service": {
          "type": "object",
          "additionalProperties": false,
          "properties": {
            "type": {
              "enum": [
                "ClusterIP",
                "NodePort",
                "LoadBalancer",
                "ExternalName"
              ]
            },
            "labels": {
              "type": "object",
              "additionalProperties": false,
              "patternProperties": {
                ".*": {
                  "type": "string"
                }
              }
            },
            "annotations": {
              "type": "object",
              "additionalProperties": false,
              "patternProperties": {
                ".*": {
                  "type": "string"
                }
              }
            },
            "nodePorts": {
              "type": "object",
              "additionalProperties": false,
              "properties": {
                "http": {
                  "type": [
                    "integer",
                    "null"
                  ]
                },
                "https": {
                  "type": [
                    "integer",
                    "null"
                  ]
                }
              }
            },
            "disableHttpPort": {
              "type": "boolean"
            },
            "extraPorts": {
              "type": "array"
            },
            "loadBalancerIP": {
              "type": [
                "string",
                "null"
              ]
            },
            "loadBalancerSourceRanges": {
              "type": "array"
            }
          }
        },
        "https": {
          "type": "object",
          "additionalProperties": false,
          "properties": {
            "enabled": {
              "type": [
                "boolean",
                "null"
              ]
            },
            "type": {
              "enum": [
                null,
                "",
                "letsencrypt",
                "manual",
                "offload",
                "secret"
              ]
            },
            "letsencrypt": {
              "type": "object",
              "additionalProperties": false,
              "properties": {
                "contactEmail": {
                  "type": [
                    "string",
                    "null"
                  ]
                },
                "acmeServer": {
                  "type": [
                    "string",
                    "null"
                  ]
                }
              }
            },
            "manual": {
              "type": "object",
              "additionalProperties": false,
              "properties": {
                "key": {
                  "type": [
                    "string",
                    "null"
                  ]
                },
                "cert": {
                  "type": [
                    "string",
                    "null"
                  ]
                }
              }
            },
            "secret": {
              "type": "object",
              "additionalProperties": false,
              "properties": {
                "name": {
                  "type": [
                    "string",
                    "null"
                  ]
                },
                "key": {
                  "type": [
                    "string",
                    "null"
                  ]
                },
                "crt": {
                  "type": [
                    "string",
                    "null"
                  ]
                }
              }
            },
            "hosts": {
              "type": "array"
            }
          }
        },
        "traefik": {
          "type": "object",
          "additionalProperties": false,
          "properties": {
            "revisionHistoryLimit": {
              "type": [
                "integer",
                "null"
              ],
              "minimum": 0
            },
            "labels": {
              "type": "object",
              "additionalProperties": false,
              "patternProperties": {
                ".*": {
                  "type": "string"
                }
              }
            },
            "networkPolicy": {
              "type": "object",
              "additionalProperties": false,
              "properties": {
                "enabled": {
                  "type": "boolean"
                },
                "ingress": {
                  "type": "array"
                },
                "egress": {
                  "type": "array"
                },
                "egressAllowRules": {
                  "type": "object",
                  "additionalProperties": false,
                  "properties": {
                    "cloudMetadataServer": {
                      "type": "boolean"
                    },
                    "dnsPortsCloudMetadataServer": {
                      "type": "boolean"
                    },
                    "dnsPortsKubeSystemNamespace": {
                      "type": "boolean"
                    },
                    "dnsPortsPrivateIPs": {
                      "type": "boolean"
                    },
                    "nonPrivateIPs": {
                      "type": "boolean"
                    },
                    "privateIPs": {
                      "type": "boolean"
                    }
                  }
                },
                "interNamespaceAccessLabels": {
                  "enum": [
                    "accept",
                    "ignore"
                  ]
                },
                "allowedIngressPorts": {
                  "type": "array"
                }
              }
            },
            "extraInitContainers": {
              "type": "array"
            },
            "extraEnv": {
              "type": [
                "object",
                "array"
              ],
              "additionalProperties": true
            },
            "pdb": {
              "type": "object",
              "additionalProperties": false,
              "properties": {
                "enabled": {
                  "type": "boolean"
                },
                "maxUnavailable": {
                  "type": [
                    "integer",
                    "null"
                  ]
                },
                "minAvailable": {
                  "type": [
                    "integer",
                    "null"
                  ]
                }
              }
            },
            "nodeSelector": {
              "type": "object",
              "additionalProperties": true
            },
            "tolerations": {
              "type": "array"
            },
            "containerSecurityContext": {
              "type": "object",
              "additionalProperties": true
            },
            "extraDynamicConfig": {
              "type": "object",
              "additionalProperties": true
            },
            "extraPorts": {
              "type": "array"
            },
            "extraStaticConfig": {
              "type": "object",
              "additionalProperties": true
            },
            "extraVolumes": {
              "type": "array"
            },
            "extraVolumeMounts": {
              "type": "array"
            },
            "hsts": {
              "type": "object",
              "additionalProperties": false,
              "required": [
                "includeSubdomains",
                "maxAge",
                "preload"
              ],
              "properties": {
                "includeSubdomains": {
                  "type": "boolean"
                },
                "maxAge": {
                  "type": "integer"
                },
                "preload": {
                  "type": "boolean"
                }
              }
            },
            "image": {
              "type": "object",
              "additionalProperties": false,
              "required": [
                "name",
                "tag"
              ],
              "properties": {
                "name": {
                  "type": "string"
                },
                "tag": {
                  "type": "string"
                },
                "pullPolicy": {
                  "enum": [
                    null,
                    "",
                    "IfNotPresent",
                    "Always",
                    "Never"
                  ]
                },
                "pullSecrets": {
                  "type": "array"
                }
              }
            },
            "resources": {
              "type": "object",
              "additionalProperties": true
            },
            "serviceAccount": {
              "type": "object",
              "required": [
                "create"
              ],
              "additionalProperties": false,
              "properties": {
                "create": {
                  "type": "boolean"
                },
                "name": {
                  "type": [
                    "string",
                    "null"
                  ]
                },
                "annotations": {
                  "type": "object",
                  "additionalProperties": false,
                  "patternProperties": {
                    ".*": {
                      "type": "string"
                    }
                  }
                }
              }
            },
            "extraPodSpec": {
              "type": "object",
              "additionalProperties": true
            }
          }
        },
        "labels": {
          "type": "object",
          "additionalProperties": false,
          "patternProperties": {
            ".*": {
              "type": "string"
            }
          }
        },
        "annotations": {
          "type": "object",
          "additionalProperties": false,
          "patternProperties": {
            ".*": {
              "type": "string"
            }
          }
        },
        "deploymentStrategy": {
          "type": "object",
          "additionalProperties": false,
          "properties": {
            "rollingUpdate": {
              "type": [
                "string",
                "null"
              ]
            },
            "type": {
              "type": [
                "string",
                "null"
              ]
            }
          }
        },
        "secretSync": {
          "type": "object",
          "additionalProperties": false,
          "properties": {
            "containerSecurityContext": {
              "type": "object",
              "additionalProperties": true
            },
            "image": {
              "type": "object",
              "additionalProperties": false,
              "required": [
                "name",
                "tag"
              ],
              "properties": {
                "name": {
                  "type": "string"
                },
                "tag": {
                  "type": "string"
                },
                "pullPolicy": {
                  "enum": [
                    null,
                    "",
                    "IfNotPresent",
                    "Always",
                    "Never"
                  ]
                },
                "pullSecrets": {
                  "type": "array"
                }
              }
            },
            "resources": {
              "type": "object",
              "additionalProperties": true
            }
          }
        }
      }
    },
    "singleuser": {
      "type": "object",
      "additionalProperties": false,
      "properties": {
        "networkPolicy": {
          "type": "object",
          "additionalProperties": false,
          "properties": {
            "enabled": {
              "type": "boolean"
            },
            "ingress": {
              "type": "array"
            },
            "egress": {
              "type": "array"
            },
            "egressAllowRules": {
              "type": "object",
              "additionalProperties": false,
              "properties": {
                "cloudMetadataServer": {
                  "type": "boolean"
                },
                "dnsPortsCloudMetadataServer": {
                  "type": "boolean"
                },
                "dnsPortsKubeSystemNamespace": {
                  "type": "boolean"
                },
                "dnsPortsPrivateIPs": {
                  "type": "boolean"
                },
                "nonPrivateIPs": {
                  "type": "boolean"
                },
                "privateIPs": {
                  "type": "boolean"
                }
              }
            },
            "interNamespaceAccessLabels": {
              "enum": [
                "accept",
                "ignore"
              ]
            },
            "allowedIngressPorts": {
              "type": "array"
            }
          }
        },
        "podNameTemplate": {
          "type": [
            "string",
            "null"
          ]
        },
        "cpu": {
          "type": "object",
          "additionalProperties": false,
          "properties": {
            "limit": {
              "type": [
                "number",
                "null"
              ]
            },
            "guarantee": {
              "type": [
                "number",
                "null"
              ]
            }
          }
        },
        "memory": {
          "type": "object",
          "additionalProperties": false,
          "properties": {
            "limit": {
              "type": [
                "number",
                "string",
                "null"
              ]
            },
            "guarantee": {
              "type": [
                "number",
                "string",
                "null"
              ]
            }
          }
        },
        "image": {
          "type": "object",
          "additionalProperties": false,
          "required": [
            "name",
            "tag"
          ],
          "properties": {
            "name": {
              "type": "string"
            },
            "tag": {
              "type": "string"
            },
            "pullPolicy": {
              "enum": [
                null,
                "",
                "IfNotPresent",
                "Always",
                "Never"
              ]
            },
            "pullSecrets": {
              "type": "array"
            }
          }
        },
        "initContainers": {
          "type": "array"
        },
        "profileList": {
          "type": "array"
        },
        "extraFiles": {
          "type": "object",
          "additionalProperties": false,
          "patternProperties": {
            ".*": {
              "type": "object",
              "additionalProperties": false,
              "required": [
                "mountPath"
              ],
              "oneOf": [
                {
                  "required": [
                    "data"
                  ]
                },
                {
                  "required": [
                    "stringData"
                  ]
                },
                {
                  "required": [
                    "binaryData"
                  ]
                }
              ],
              "properties": {
                "mountPath": {
                  "type": "string"
                },
                "data": {
                  "type": "object",
                  "additionalProperties": true
                },
                "stringData": {
                  "type": "string"
                },
                "binaryData": {
                  "type": "string"
                },
                "mode": {
                  "type": "number"
                }
              }
            }
          }
        },
        "extraEnv": {
          "type": [
            "object",
            "array"
          ],
          "additionalProperties": true
        },
        "nodeSelector": {
          "type": "object",
          "additionalProperties": true
        },
        "extraTolerations": {
          "type": "array"
        },
        "extraNodeAffinity": {
          "type": "object",
          "additionalProperties": false,
          "properties": {
            "required": {
              "type": "array"
            },
            "preferred": {
              "type": "array"
            }
          }
        },
        "extraPodAffinity": {
          "type": "object",
          "additionalProperties": false,
          "properties": {
            "required": {
              "type": "array"
            },
            "preferred": {
              "type": "array"
            }
          }
        },
        "extraPodAntiAffinity": {
          "type": "object",
          "additionalProperties": false,
          "properties": {
            "required": {
              "type": "array"
            },
            "preferred": {
              "type": "array"
            }
          }
        },
        "cloudMetadata": {
          "type": "object",
          "additionalProperties": false,
          "required": [
            "blockWithIptables",
            "ip"
          ],
          "properties": {
            "blockWithIptables": {
              "type": "boolean"
            },
            "ip": {
              "type": "string"
            }
          }
        },
        "cmd": {
          "type": [
            "array",
            "string",
            "null"
          ]
        },
        "defaultUrl": {
          "type": [
            "string",
            "null"
          ]
        },
        "events": {
          "type": [
            "boolean",
            "null"
          ]
        },
        "extraAnnotations": {
          "type": "object",
          "additionalProperties": false,
          "patternProperties": {
            ".*": {
              "type": "string"
            }
          }
        },
        "extraContainers": {
          "type": "array"
        },
        "extraLabels": {
          "type": "object",
          "additionalProperties": false,
          "patternProperties": {
            ".*": {
              "type": "string"
            }
          }
        },
        "extraPodConfig": {
          "type": "object",
          "additionalProperties": true
        },
        "extraResource": {
          "type": "object",
          "additionalProperties": false,
          "properties": {
            "guarantees": {
              "type": "object",
              "additionalProperties": true
            },
            "limits": {
              "type": "object",
              "additionalProperties": true
            }
          }
        },
        "fsGid": {
          "type": [
            "integer",
            "null"
          ]
        },
        "lifecycleHooks": {
          "type": "object",
          "additionalProperties": false,
          "properties": {
            "postStart": {
              "type": "object",
              "additionalProperties": true
            },
            "preStop": {
              "type": "object",
              "additionalProperties": true
            }
          }
        },
        "networkTools": {
          "type": "object",
          "additionalProperties": false,
          "properties": {
            "image": {
              "type": "object",
              "additionalProperties": false,
              "required": [
                "name",
                "tag"
              ],
              "properties": {
                "name": {
                  "type": "string"
                },
                "tag": {
                  "type": "string"
                },
                "pullPolicy": {
                  "enum": [
                    null,
                    "",
                    "IfNotPresent",
                    "Always",
                    "Never"
                  ]
                },
                "pullSecrets": {
                  "type": "array"
                }
              }
            },
            "resources": {
              "type": "object",
              "additionalProperties": true
            }
          }
        },
        "serviceAccountName": {
          "type": [
            "string",
            "null"
          ]
        },
        "startTimeout": {
          "type": [
            "integer",
            "null"
          ]
        },
        "storage": {
          "type": "object",
          "additionalProperties": false,
          "required": [
            "type",
            "homeMountPath"
          ],
          "properties": {
            "capacity": {
              "type": [
                "string",
                "null"
              ]
            },
            "dynamic": {
              "type": "object",
              "additionalProperties": false,
              "properties": {
                "pvcNameTemplate": {
                  "type": [
                    "string",
                    "null"
                  ]
                },
                "storageAccessModes": {
                  "type": "array",
                  "items": {
                    "type": [
                      "string",
                      "null"
                    ]
                  }
                },
                "storageClass": {
                  "type": [
                    "string",
                    "null"
                  ]
                },
                "volumeNameTemplate": {
                  "type": [
                    "string",
                    "null"
                  ]
                }
              }
            },
            "extraLabels": {
              "type": "object",
              "additionalProperties": false,
              "patternProperties": {
                ".*": {
                  "type": "string"
                }
              }
            },
            "extraVolumeMounts": {
              "type": "array"
            },
            "extraVolumes": {
              "type": "array"
            },
            "homeMountPath": {
              "type": "string"
            },
            "static": {
              "type": "object",
              "additionalProperties": false,
              "properties": {
                "pvcName": {
                  "type": [
                    "string",
                    "null"
                  ]
                },
                "subPath": {
                  "type": [
                    "string",
                    "null"
                  ]
                }
              }
            },
            "type": {
              "enum": [
                "dynamic",
                "static",
                "none"
              ]
            }
          }
        },
        "allowPrivilegeEscalation": {
          "type": [
            "boolean",
            "null"
          ]
        },
        "uid": {
          "type": [
            "integer",
            "null"
          ]
        }
      }
    },
    "scheduling": {
      "type": "object",
      "additionalProperties": false,
      "properties": {
        "userScheduler": {
          "type": "object",
          "additionalProperties": false,
          "required": [
            "enabled",
            "plugins",
            "pluginConfig",
            "logLevel"
          ],
          "properties": {
            "enabled": {
              "type": "boolean"
            },
            "revisionHistoryLimit": {
              "type": [
                "integer",
                "null"
              ],
              "minimum": 0
            },
            "replicas": {
              "type": "integer"
            },
            "image": {
              "type": "object",
              "additionalProperties": false,
              "required": [
                "name",
                "tag"
              ],
              "properties": {
                "name": {
                  "type": "string"
                },
                "tag": {
                  "type": "string"
                },
                "pullPolicy": {
                  "enum": [
                    null,
                    "",
                    "IfNotPresent",
                    "Always",
                    "Never"
                  ]
                },
                "pullSecrets": {
                  "type": "array"
                }
              }
            },
            "pdb": {
              "type": "object",
              "additionalProperties": false,
              "properties": {
                "enabled": {
                  "type": "boolean"
                },
                "maxUnavailable": {
                  "type": [
                    "integer",
                    "null"
                  ]
                },
                "minAvailable": {
                  "type": [
                    "integer",
                    "null"
                  ]
                }
              }
            },
            "nodeSelector": {
              "type": "object",
              "additionalProperties": true
            },
            "tolerations": {
              "type": "array"
            },
            "labels": {
              "type": "object",
              "additionalProperties": false,
              "patternProperties": {
                ".*": {
                  "type": "string"
                }
              }
            },
            "annotations": {
              "type": "object",
              "additionalProperties": false,
              "patternProperties": {
                ".*": {
                  "type": "string"
                }
              }
            },
            "containerSecurityContext": {
              "type": "object",
              "additionalProperties": true
            },
            "logLevel": {
              "type": "integer"
            },
            "plugins": {
              "type": "object",
              "additionalProperties": true
            },
            "pluginConfig": {
              "type": "array"
            },
            "resources": {
              "type": "object",
              "additionalProperties": true
            },
            "serviceAccount": {
              "type": "object",
              "required": [
                "create"
              ],
              "additionalProperties": false,
              "properties": {
                "create": {
                  "type": "boolean"
                },
                "name": {
                  "type": [
                    "string",
                    "null"
                  ]
                },
                "annotations": {
                  "type": "object",
                  "additionalProperties": false,
                  "patternProperties": {
                    ".*": {
                      "type": "string"
                    }
                  }
                }
              }
            },
            "extraPodSpec": {
              "type": "object",
              "additionalProperties": true
            }
          }
        },
        "podPriority": {
          "type": "object",
          "additionalProperties": false,
          "properties": {
            "enabled": {
              "type": "boolean"
            },
            "globalDefault": {
              "type": "boolean"
            },
            "defaultPriority": {
              "type": "integer"
            },
            "imagePullerPriority": {
              "type": "integer"
            },
            "userPlaceholderPriority": {
              "type": "integer"
            }
          }
        },
        "userPlaceholder": {
          "type": "object",
          "additionalProperties": false,
          "properties": {
            "enabled": {
              "type": "boolean"
            },
            "image": {
              "type": "object",
              "additionalProperties": false,
              "required": [
                "name",
                "tag"
              ],
              "properties": {
                "name": {
                  "type": "string"
                },
                "tag": {
                  "type": "string"
                },
                "pullPolicy": {
                  "enum": [
                    null,
                    "",
                    "IfNotPresent",
                    "Always",
                    "Never"
                  ]
                },
                "pullSecrets": {
                  "type": "array"
                }
              }
            },
            "revisionHistoryLimit": {
              "type": [
                "integer",
                "null"
              ],
              "minimum": 0
            },
            "replicas": {
              "type": "integer"
            },
            "labels": {
              "type": "object",
              "additionalProperties": false,
              "patternProperties": {
                ".*": {
                  "type": "string"
                }
              }
            },
            "annotations": {
              "type": "object",
              "additionalProperties": false,
              "patternProperties": {
                ".*": {
                  "type": "string"
                }
              }
            },
            "resources": {
              "type": "object",
              "additionalProperties": true
            },
            "containerSecurityContext": {
              "type": "object",
              "additionalProperties": true
            }
          }
        },
        "corePods": {
          "type": "object",
          "additionalProperties": false,
          "properties": {
            "tolerations": {
              "type": "array"
            },
            "nodeAffinity": {
              "type": "object",
              "additionalProperties": false,
              "properties": {
                "matchNodePurpose": {
                  "enum": [
                    "ignore",
                    "prefer",
                    "require"
                  ]
                }
              }
            }
          }
        },
        "userPods": {
          "type": "object",
          "additionalProperties": false,
          "properties": {
            "tolerations": {
              "type": "array"
            },
            "nodeAffinity": {
              "type": "object",
              "additionalProperties": false,
              "properties": {
                "matchNodePurpose": {
                  "enum": [
                    "ignore",
                    "prefer",
                    "require"
                  ]
                }
              }
            }
          }
        }
      }
    },
    "ingress": {
      "type": "object",
      "additionalProperties": false,
      "required": [
        "enabled"
      ],
      "properties": {
        "enabled": {
          "type": "boolean"
        },
        "annotations": {
          "type": "object",
          "additionalProperties": false,
          "patternProperties": {
            ".*": {
              "type": "string"
            }
          }
        },
        "ingressClassName": {
          "type": [
            "string",
            "null"
          ]
        },
        "hosts": {
          "type": "array"
        },
        "pathSuffix": {
          "type": [
            "string",
            "null"
          ]
        },
        "pathType": {
          "enum": [
            "Prefix",
            "Exact",
            "ImplementationSpecific"
          ]
        },
        "tls": {
          "type": "array"
        }
      }
    },
    "prePuller": {
      "type": "object",
      "additionalProperties": false,
      "required": [
        "hook",
        "continuous"
      ],
      "properties": {
        "revisionHistoryLimit": {
          "type": [
            "integer",
            "null"
          ],
          "minimum": 0
        },
        "labels": {
          "type": "object",
          "additionalProperties": false,
          "patternProperties": {
            ".*": {
              "type": "string"
            }
          }
        },
        "annotations": {
          "type": "object",
          "additionalProperties": false,
          "patternProperties": {
            ".*": {
              "type": "string"
            }
          }
        },
        "resources": {
          "type": "object",
          "additionalProperties": true
        },
        "extraTolerations": {
          "type": "array"
        },
        "hook": {
          "type": "object",
          "additionalProperties": false,
          "required": [
            "enabled"
          ],
          "properties": {
            "enabled": {
              "type": "boolean"
            },
            "pullOnlyOnChanges": {
              "type": "boolean"
            },
            "podSchedulingWaitDuration": {
              "type": "integer"
            },
            "nodeSelector": {
              "type": "object",
              "additionalProperties": true
            },
            "tolerations": {
              "type": "array"
            },
            "containerSecurityContext": {
              "type": "object",
              "additionalProperties": true
            },
            "image": {
              "type": "object",
              "additionalProperties": false,
              "required": [
                "name",
                "tag"
              ],
              "properties": {
                "name": {
                  "type": "string"
                },
                "tag": {
                  "type": "string"
                },
                "pullPolicy": {
                  "enum": [
                    null,
                    "",
                    "IfNotPresent",
                    "Always",
                    "Never"
                  ]
                },
                "pullSecrets": {
                  "type": "array"
                }
              }
            },
            "resources": {
              "type": "object",
              "additionalProperties": true
            },
            "serviceAccount": {
              "type": "object",
              "required": [
                "create"
              ],
              "additionalProperties": false,
              "properties": {
                "create": {
                  "type": "boolean"
                },
                "name": {
                  "type": [
                    "string",
                    "null"
                  ]
                },
                "annotations": {
                  "type": "object",
                  "additionalProperties": false,
                  "patternProperties": {
                    ".*": {
                      "type": "string"
                    }
                  }
                }
              }
            }
          }
        },
        "continuous": {
          "type": "object",
          "additionalProperties": false,
          "required": [
            "enabled"
          ],
          "properties": {
            "enabled": {
              "type": "boolean"
            }
          }
        },
        "pullProfileListImages": {
          "type": "boolean"
        },
        "extraImages": {
          "type": "object",
          "additionalProperties": false,
          "patternProperties": {
            ".*": {
              "type": "object",
              "additionalProperties": false,
              "required": [
                "name",
                "tag"
              ],
              "properties": {
                "name": {
                  "type": "string"
                },
                "tag": {
                  "type": "string"
                }
              }
            }
          }
        },
        "containerSecurityContext": {
          "type": "object",
          "additionalProperties": true
        },
        "pause": {
          "type": "object",
          "additionalProperties": false,
          "properties": {
            "containerSecurityContext": {
              "type": "object",
              "additionalProperties": true
            },
            "image": {
              "type": "object",
              "additionalProperties": false,
              "required": [
                "name",
                "tag"
              ],
              "properties": {
                "name": {
                  "type": "string"
                },
                "tag": {
                  "type": "string"
                },
                "pullPolicy": {
                  "enum": [
                    null,
                    "",
                    "IfNotPresent",
                    "Always",
                    "Never"
                  ]
                },
                "pullSecrets": {
                  "type": "array"
                }
              }
            }
          }
        }
      }
    },
    "custom": {
      "type": "object",
      "additionalProperties": true
    },
    "cull": {
      "type": "object",
      "additionalProperties": false,
      "required": [
        "enabled"
      ],
      "properties": {
        "enabled": {
          "type": "boolean"
        },
        "users": {
          "type": [
            "boolean",
            "null"
          ]
        },
        "adminUsers": {
          "type": [
            "boolean",
            "null"
          ]
        },
        "removeNamedServers": {
          "type": [
            "boolean",
            "null"
          ]
        },
        "timeout": {
          "type": [
            "integer",
            "null"
          ]
        },
        "every": {
          "type": [
            "integer",
            "null"
          ]
        },
        "concurrency": {
          "type": [
            "integer",
            "null"
          ]
        },
        "maxAge": {
          "type": [
            "integer",
            "null"
          ]
        }
      }
    },
    "debug": {
      "type": "object",
      "additionalProperties": false,
      "required": [
        "enabled"
      ],
      "properties": {
        "enabled": {
          "type": "boolean"
        }
      }
    },
    "rbac": {
      "type": "object",
      "additionalProperties": false,
      "required": [
        "create"
      ],
      "properties": {
        "enabled": {
          "type": "boolean"
        },
        "create": {
          "type": "boolean"
        }
      }
    },
    "global": {
      "type": "object",
      "additionalProperties": true,
      "properties": {
        "safeToShowValues": {
          "type": "boolean"
        }
      }
    }
  }
}